City,Cloudiness,Country,Date,Humidity,Lat,Lng,Max Temp,Wind Speed
palos heights,1,US,1557011421,39,41.67,-87.8,66.99,8.05
plouzane,0,FR,1557011287,80,48.38,-4.62,48.0,3.36
coihaique,40,CL,1557007200,81,-45.58,-72.07,46.4,8.05
rikitea,73,PF,1557011423,86,-23.12,-134.97,77.96,17.31
saint-joseph,0,FR,1557011128,36,43.56,6.97,60.8,16.11
newport,0,GB,1557011225,70,51.59,-3.0,45.0,6.93
ushuaia,20,AR,1557007200,69,-54.81,-68.31,39.2,4.7
yellowknife,75,CA,1557011241,66,62.45,-114.38,33.01,2.24
kodiak,40,US,1557011318,14,39.95,-94.76,72.0,5.82
mar del plata,39,AR,1557011394,59,-46.43,-67.52,46.93,7.52
cabo san lucas,5,MX,1557011103,36,22.89,-109.91,88.0,2.24
davidson,90,US,1557011421,93,35.5,-80.85,70.0,3.36
chumikan,100,RU,1557011425,50,54.72,135.31,37.77,10.6
fortuna,0,ES,1557011418,82,38.18,-1.13,63.0,4.7
albany,1,US,1557011368,87,42.65,-73.75,66.99,3.36
gat,0,SN,1557009000,88,14.69,-16.54,68.0,12.75
galveston,1,US,1557011419,48,40.58,-86.19,63.0,5.82
korostyshiv,72,UA,1557011426,91,50.32,29.06,51.63,8.88
vaini,57,IN,1557011427,87,15.34,74.49,73.19,2.75
hermanus,100,ZA,1557010885,81,-34.42,19.24,55.0,4.0
tadine,85,NC,1557011427,74,-21.55,167.88,77.08,19.57
tuktoyaktuk,75,CA,1557007200,79,69.44,-133.03,21.2,13.87
klaksvik,66,FO,1557010200,75,62.23,-6.59,42.8,19.46
hobart,75,AU,1557011414,87,-42.88,147.33,51.8,8.05
jamestown,0,AU,1557011428,66,-33.21,138.6,56.65,3.04
punta arenas,20,CL,1557010998,84,-53.16,-70.91,35.01,6.93
bredasdorp,100,ZA,1557010885,63,-34.53,20.04,60.8,5.82
puerto ayora,40,EC,1557010867,78,-0.74,-90.35,82.4,14.99
arraial do cabo,20,BR,1557007200,78,-22.97,-42.02,78.8,9.17
qaanaaq,0,GL,1557011429,72,77.48,-69.36,25.11,5.26
new norfolk,75,AU,1557011414,87,-42.78,147.06,51.8,8.05
patu,52,BR,1557011430,74,-6.1,-37.64,75.46,8.41
ribeira grande,22,PT,1557011430,69,38.52,-28.7,60.99,19.46
butaritari,100,KI,1557011430,80,3.07,172.79,83.78,13.62
fuling,100,CN,1557011430,85,29.71,107.39,66.24,3.58
birao,63,CF,1557011430,9,10.3,22.78,87.05,4.43
iqaluit,75,CA,1557010973,86,63.75,-68.52,26.6,17.22
prince george,20,CA,1557011120,57,53.92,-122.75,55.0,3.36
upernavik,0,GL,1557011431,89,72.79,-56.15,29.22,8.9
karratha,16,AU,1557011431,18,-20.74,116.85,81.13,11.97
haverfordwest,0,GB,1557011425,67,51.8,-4.97,44.01,1.12
dikson,78,RU,1557011432,84,73.51,80.55,12.6,14.61
tuatapere,100,NZ,1557011405,96,-46.13,167.69,53.01,7.16
manutuke,0,NZ,1557011404,55,-38.68,177.91,70.0,3.0
vardo,90,US,1557011421,93,39.62,-77.74,75.2,13.87
busselton,97,AU,1557011378,78,-33.64,115.35,59.0,23.49
bluff,0,AU,1557011433,36,-23.58,149.07,68.4,15.7
mataura,100,NZ,1557011405,96,-46.19,168.86,53.01,2.06
sao gabriel da cachoeira,100,BR,1557011433,99,-0.13,-67.09,75.15,1.59
isangel,20,VU,1557007200,65,-19.55,169.27,80.6,9.17
mayo,90,CA,1557007200,22,63.59,-135.9,44.6,5.82
avallon,9,FR,1557010916,95,47.49,3.91,35.01,8.52
porto novo,20,BR,1557010800,78,-23.68,-45.44,73.4,1.12
punalur,20,IN,1557009000,88,9.02,76.93,82.4,6.93
barrow,100,AR,1557011435,90,-38.31,-60.23,60.3,6.04
walvis bay,0,NA,1557007200,82,-22.95,14.51,55.4,3.36
yining,48,CN,1557011435,64,29.04,114.56,71.41,2.26
atuona,32,PF,1557011297,73,-9.8,-139.03,83.72,17.43
tiksi,85,RU,1557011436,87,71.64,128.87,28.59,16.08
namibe,0,AO,1557011436,77,-15.19,12.15,73.52,5.82
castro,93,CL,1557007200,100,-42.48,-73.76,51.8,5.82
port elizabeth,90,US,1557011424,88,39.31,-74.98,73.4,6.93
camabatela,100,AO,1557011436,87,-8.19,15.37,69.12,1.32
touros,20,BR,1557010800,83,-5.2,-35.46,78.8,3.36
salamiyah,48,SY,1557011437,59,35.01,37.05,57.64,4.38
coquimbo,0,CL,1557007200,82,-29.95,-71.34,57.2,8.05
noumea,40,NC,1557009000,69,-22.28,166.46,77.0,3.36
saskylakh,100,RU,1557011437,94,71.97,114.09,15.27,22.06
khasan,95,RU,1557011438,47,42.43,130.64,66.08,2.33
bethel,90,US,1557010380,50,60.79,-161.76,44.6,8.05
cape town,0,ZA,1557011166,71,-33.93,18.42,57.99,11.41
clyde river,75,CA,1557007200,92,70.47,-68.59,24.8,16.11
sao filipe,0,CV,1557011439,82,14.9,-24.5,71.57,19.91
mandalgovi,47,MN,1557011439,35,45.76,106.27,36.04,9.73
batagay-alyta,0,RU,1557011439,78,67.8,130.41,19.93,5.93
faanui,28,PF,1557011440,77,-16.48,-151.75,82.03,14.99
victoria,75,BN,1557009000,88,5.28,115.24,77.0,1.12
kapaa,90,US,1557011017,64,22.08,-159.32,78.8,8.05
minab,52,IR,1557007200,46,27.15,57.07,78.8,1.12
kells,20,IE,1557010978,86,53.73,-6.88,39.2,6.93
grand gaube,40,MU,1557011039,83,-20.01,57.66,77.0,10.29
delta del tigre,90,UY,1557011063,100,-34.76,-56.41,64.99,6.93
santa maria,75,BR,1557007200,88,-29.69,-53.81,78.8,2.24
upington,0,ZA,1557007200,23,-28.46,21.24,66.2,8.05
dhidhdhoo,48,MV,1557011443,64,6.88,73.1,84.08,7.07
vostok,83,RU,1557011443,36,46.45,135.83,65.88,8.3
avarua,77,CK,1557009000,74,-21.21,-159.78,80.6,24.16
narsaq,77,GL,1557011444,64,60.91,-46.05,45.2,5.53
kaitangata,100,NZ,1557011439,82,-46.28,169.85,54.0,8.01
hornepayne,50,CA,1557011331,64,49.22,-84.78,50.26,7.58
at-bashi,0,KG,1557011444,38,41.17,75.81,29.2,3.56
vila franca do campo,75,PT,1557011392,93,37.72,-25.43,62.6,10.29
port alfred,76,ZA,1557011313,88,-33.59,26.89,59.0,4.29
laguna,5,MX,1557006180,15,27.52,-110.01,95.0,8.05
tasiilaq,75,GL,1557006600,86,65.61,-37.64,41.0,4.7
hovd,75,NO,1557011242,93,63.83,10.7,41.0,36.91
khromtau,69,KZ,1557011445,37,50.26,58.44,52.1,8.12
prince rupert,90,CA,1557007200,76,54.32,-130.32,50.0,8.05
netarhat,46,IN,1557011446,42,23.45,84.31,77.1,3.58
cikupa,6,ID,1557011446,91,-7.65,108.11,71.81,2.53
hasaki,75,JP,1557009000,82,35.73,140.83,64.4,2.24
jiquipilas,75,MX,1557009660,61,16.67,-93.65,82.4,18.34
maracaju,11,BR,1557011260,91,-21.61,-55.17,70.73,5.14
kavieng,100,PG,1557011447,81,-2.57,150.8,82.46,19.69
tonantins,99,BR,1557011447,97,-2.86,-67.77,75.42,2.37
dalbandin,0,PK,1557011447,11,28.9,64.41,76.68,3.44
port lincoln,1,AU,1557011447,63,-34.72,135.86,60.16,2.37
hamilton,75,CA,1557011244,81,43.26,-79.87,55.0,6.93
torbay,90,CA,1557011315,75,47.66,-52.73,42.01,9.17
erzin,75,TR,1557011433,100,36.95,36.2,64.4,4.7
lagoa,0,PT,1557011256,87,37.14,-8.45,60.8,8.05
katsuura,75,JP,1557010700,62,33.93,134.5,64.0,2.24
juegang,5,CN,1557011266,79,32.31,121.18,73.0,9.08
mbala,14,ZM,1557011449,92,-8.85,31.37,61.28,6.96
sorong,100,ID,1557011449,90,-0.86,131.25,81.35,2.13
dolores,23,AR,1557011407,88,-36.31,-57.68,56.9,8.77
yamethin,51,MM,1557011450,69,20.43,96.14,81.99,12.82
salalah,75,OM,1557006600,79,17.01,54.1,84.2,4.7
nizwa,0,OM,1557011450,23,22.93,57.53,75.71,2.66
izumo,0,JP,1557007200,66,35.37,132.75,57.2,6.93
parabel,78,RU,1557011450,86,58.71,81.5,43.2,10.92
bressanone,75,IT,1557011383,86,46.72,11.66,37.4,2.24
alofi,100,NU,1557007200,94,-19.06,-169.92,78.8,5.82
havre-saint-pierre,20,CA,1557007200,75,50.23,-63.6,41.0,9.17
saldanha,0,PT,1557011451,62,41.42,-6.55,53.36,9.31
ilulissat,13,GL,1557011451,75,69.22,-51.1,40.14,7.02
hofn,40,IS,1557011452,86,64.25,-15.21,30.44,11.3
biltine,0,TD,1557011452,5,14.53,20.93,91.05,12.01
auki,100,NG,1557011452,42,12.18,6.51,90.96,10.2
rio gallegos,0,AR,1557007200,86,-51.62,-69.22,39.2,11.41
cherskiy,43,RU,1557011452,91,68.75,161.3,28.91,7.7
chuy,97,UY,1557011453,91,-33.69,-53.46,68.57,19.3
zhezkazgan,20,KZ,1557011453,39,47.8,67.71,47.15,5.97
khatanga,2,RU,1557011453,91,71.98,102.47,5.39,7.52
burnie,0,AU,1557011392,82,-41.05,145.91,60.01,5.01
san lorenzo,90,PY,1557007200,100,-25.34,-57.51,69.8,6.04
saint-imier,90,CH,1557011440,86,47.15,7.0,37.99,3.36
te anau,100,NZ,1557011455,92,-45.41,167.72,52.42,2.51
bilma,1,NE,1557011455,11,18.69,12.92,83.43,5.12
nikolskoye,40,RU,1557011438,80,59.7,30.79,41.0,8.95
nioro,3,GM,1557011455,39,13.79,-15.05,79.04,14.0
sitka,7,US,1557010924,63,37.17,-99.65,66.99,18.01
tocopilla,93,CL,1557011456,92,-22.09,-70.2,63.72,12.5
beringovskiy,90,RU,1557011456,79,63.05,179.32,32.19,6.8
denpasar,20,ID,1557009000,94,-8.65,115.22,78.8,1.12
saint-philippe,1,CA,1557011438,66,45.36,-73.48,62.01,3.69
hvide sande,51,DK,1557011163,75,56.01,8.13,41.0,6.93
alexandria,75,US,1557011004,65,31.31,-92.44,77.0,6.93
sirajganj,67,BD,1557011457,80,24.46,89.71,75.19,7.99
nouadhibou,0,MR,1557007200,77,20.93,-17.03,64.4,18.34
carnarvon,82,ZA,1557011457,41,-30.97,22.13,57.64,5.66
husavik,16,CA,1557011406,23,50.56,-96.99,54.0,10.0
eregli,56,TR,1557011458,38,37.51,34.05,55.86,5.19
east london,99,ZA,1557011458,85,-33.02,27.91,59.06,4.45
notre-dame-de-gravenchon,20,FR,1557011402,86,49.49,0.57,42.01,3.36
fallon,90,US,1557006960,61,46.84,-105.12,46.4,14.99
ciudad bolivar,95,VE,1557011459,46,8.12,-63.55,90.44,13.33
moose factory,1,CA,1557007200,60,51.26,-80.61,42.8,11.41
egersund,0,NO,1557011416,65,58.45,6.0,42.01,23.04
jimma,78,ET,1557011459,80,7.67,36.84,58.67,1.77
diego de almagro,0,CL,1557011459,77,-26.39,-70.05,59.51,1.61
angra dos reis,40,BR,1557007200,83,-23.01,-44.32,80.6,5.82
san isidro,72,PH,1557011462,80,16.74,121.63,79.33,1.36
nanortalik,99,GL,1557011462,81,60.14,-45.24,38.18,4.88
sisimiut,0,GL,1557011462,61,66.94,-53.67,41.37,14.12
joshimath,0,IN,1557011463,10,30.57,79.57,40.0,8.57
caravelas,40,BR,1557011463,76,-17.73,-39.27,77.21,5.55
adelaide,75,AU,1557011410,58,-34.93,138.6,61.0,6.93
dubbo,0,AU,1557009000,76,-32.25,148.6,53.6,7.18
hilo,1,US,1557011294,58,19.71,-155.08,84.2,13.87
velyka bahachka,100,UA,1557011463,90,49.79,33.72,52.62,9.57
luanda,40,AO,1557007200,83,-8.83,13.24,78.8,4.7
mahebourg,40,MU,1557011039,83,-20.41,57.7,77.0,10.29
waipawa,0,NZ,1557011417,60,-39.94,176.59,66.0,7.0
lompoc,1,US,1557011455,72,34.64,-120.46,66.2,6.93
port-gentil,75,GA,1557007200,100,-0.72,8.78,73.4,11.41
cidreira,100,BR,1557011465,84,-30.17,-50.22,74.87,11.77
kota belud,75,MY,1557010817,88,6.35,116.43,77.0,4.7
provideniya,100,RU,1557011465,99,64.42,-173.23,29.83,3.53
lorengau,99,PG,1557011465,83,-2.02,147.27,81.22,11.99
nome,90,US,1557011453,57,30.04,-94.42,84.0,4.7
esperance,40,TT,1557011408,69,10.24,-61.45,82.4,13.87
antofagasta,20,CL,1557007200,77,-23.65,-70.4,62.6,11.41
vaitape,28,PF,1557011466,77,-16.52,-151.75,82.03,14.99
ketchikan,90,US,1557010380,50,55.34,-131.65,53.6,13.87
itapora,45,BR,1557011374,91,-22.08,-54.79,72.6,3.2
trapani,75,IT,1557011463,82,38.02,12.54,62.01,13.87
murgab,10,TM,1557007200,55,37.5,61.97,64.4,4.7
segezha,53,RU,1557011467,87,63.74,34.31,31.45,5.14
berlevag,100,NO,1557011467,83,70.86,29.09,31.95,18.16
los llanos de aridane,90,ES,1557011417,55,28.66,-17.92,66.2,13.87
tuma,73,RU,1557011468,97,55.15,40.55,44.95,3.4
sechura,72,PE,1557011468,84,-5.56,-80.82,71.45,14.7
georgetown,75,GY,1557007200,78,6.8,-58.16,82.4,18.34
port macquarie,40,AU,1557011405,67,-31.43,152.91,66.0,10.29
port hawkesbury,90,CA,1557011453,93,45.62,-61.36,44.01,5.82
saint-augustin,0,FR,1557011350,75,44.83,-0.61,43.0,6.93
lulea,100,SE,1557008400,92,65.58,22.15,30.2,5.82
syktyvkar,0,RU,1557009000,59,61.67,50.84,33.8,6.71
ulladulla,0,AU,1557010830,67,-35.36,150.48,61.0,12.75
anadyr,20,RU,1557010999,74,64.73,177.51,35.6,2.24
hereford,0,GB,1557011464,78,52.06,-2.72,44.01,6.4
sovetskiy,90,RU,1557011471,75,56.76,48.47,47.52,6.64
verin,0,ES,1557011471,83,41.94,-7.44,46.62,1.25
antigonish,90,CA,1557011428,93,45.62,-61.99,42.01,5.82
mackenzie,75,CA,1557007200,42,55.34,-123.09,37.4,4.7
dakar,0,SN,1557009000,88,14.69,-17.45,68.0,12.75
kiruna,65,SE,1557008400,92,67.86,20.23,19.4,5.82
nkowakowa,0,ZA,1557007200,45,-23.89,30.29,64.4,9.17
talnakh,40,RU,1557007200,73,69.49,88.39,21.2,20.13
norman wells,40,CA,1557007200,67,65.28,-126.83,32.0,9.17
caborca,45,MX,1557011116,9,30.58,-111.1,93.99,5.99
nidzica,100,PL,1557011473,90,53.36,20.43,37.88,4.99
longyearbyen,20,NO,1557010200,67,78.22,15.63,17.6,5.82
hithadhoo,100,MV,1557011473,77,-0.6,73.08,83.31,3.87
selfoss,0,IS,1557011077,56,63.94,-21.0,42.8,5.82
lebu,20,ET,1557007200,29,8.96,38.73,66.2,11.41
meadow lake,90,CA,1557007200,48,54.13,-108.44,39.2,13.87
wukari,55,NG,1557011474,71,7.87,9.78,83.54,8.46
vanavara,85,RU,1557011474,86,60.35,102.28,39.39,7.52
iisalmi,20,FI,1557008400,93,63.56,27.19,32.0,4.7
sumkino,58,RU,1557011475,83,58.11,68.32,47.4,5.79
ballina,0,IE,1557011300,71,54.11,-9.15,44.01,11.01
mandan,75,US,1557011247,57,46.83,-100.89,53.6,13.87
nelson,62,CA,1557011476,46,49.49,-117.29,57.28,4.83
sawtell,0,AU,1557011298,68,-30.38,153.1,64.4,11.41
ostrovnoy,45,RU,1557011476,84,68.05,39.51,24.63,14.85
bathsheba,75,BB,1557007200,78,13.22,-59.52,80.6,19.46
varberg,17,SE,1557011285,74,57.11,12.25,43.0,5.82
qarqin,0,AF,1557011476,23,37.41,66.03,75.71,10.38
hopelchen,20,MX,1557009720,55,19.77,-89.85,91.4,11.41
gilgit,0,PK,1557011477,45,35.92,74.31,23.69,2.89
vikhorevka,97,RU,1557010999,35,56.12,101.17,39.2,2.24
basco,1,US,1557011244,45,40.33,-91.2,68.0,4.7
elat,95,CM,1557011478,99,2.91,11.16,68.94,4.21
ancud,61,CL,1557007200,100,-41.87,-73.83,51.8,5.82
arlit,6,NE,1557011478,7,18.74,7.39,91.34,8.72
roald,75,NO,1557011403,93,62.58,6.12,37.99,17.22
sorland,99,NO,1557011478,55,67.67,12.69,36.89,13.29
srednekolymsk,87,RU,1557011479,85,67.46,153.71,33.43,8.5
yamasaki,0,JP,1557010700,59,34.97,134.76,64.0,10.29
cardston,90,CA,1557011087,74,49.2,-113.32,39.2,12.75
jumla,0,NP,1557011479,38,29.28,82.18,37.88,5.39
souillac,0,FR,1557011445,80,45.6,-0.6,43.0,5.82
miandrivazo,5,MG,1557011480,70,-19.53,45.46,72.11,2.17
honiara,75,SB,1557010800,70,-9.43,159.96,87.8,4.7
dingle,24,PH,1557011480,60,11.0,122.67,85.95,2.98
topeka,1,US,1557011464,49,39.05,-95.68,73.0,4.23
barentu,33,ER,1557011481,23,15.11,37.59,88.78,5.28
bambous virieux,40,MU,1557011039,83,-20.34,57.76,77.0,10.29
pacifica,40,US,1557011476,76,37.61,-122.49,68.0,8.05
phan thiet,3,VN,1557011201,76,10.93,108.1,81.72,4.59
aparecida do taboado,79,BR,1557011481,88,-20.08,-51.1,72.15,3.4
ayr,20,GB,1557011449,70,55.46,-4.63,44.6,10.98
nishihara,75,JP,1557011266,67,35.74,139.53,73.0,3.36
jalu,72,LY,1557011482,17,29.03,21.55,88.17,22.24
rognan,75,NO,1557011374,70,67.1,15.4,32.0,6.93
paamiut,40,GL,1557011483,81,61.99,-49.67,37.46,16.17
aklavik,75,CA,1557007200,54,68.22,-135.01,30.2,13.87
puerto palomas,1,US,1557006780,6,31.78,-107.63,84.2,11.41
namatanai,100,PG,1557011483,87,-3.66,152.44,77.87,19.48
taoudenni,0,ML,1557011483,11,22.68,-3.98,85.77,9.08
natal,20,BR,1557010800,78,-5.81,-35.21,78.8,6.93
omboue,100,GA,1557011484,82,-1.57,9.26,81.78,6.91
ponta do sol,99,BR,1557011484,94,-20.63,-46.0,66.44,2.46
lagunas,62,PE,1557011484,66,-5.23,-75.68,81.26,2.46
myra,8,NO,1557011484,68,58.75,8.86,32.46,3.76
yulara,0,AU,1557007200,61,-25.24,130.99,46.4,5.82
luau,42,CD,1557011485,68,-10.7,22.23,70.11,3.89
luoyang,88,CN,1557011485,60,34.66,112.42,68.51,0.74
san andres,47,PH,1557011485,66,13.32,122.68,85.5,3.18
portland,75,US,1557010883,37,45.52,-122.67,75.0,3.36
berwick,1,US,1557011459,56,41.06,-76.25,71.6,3.36
mackay,90,CA,1557007680,60,53.65,-115.58,37.4,4.36
guerrero negro,14,MX,1557011486,84,27.97,-114.04,62.14,14.74
rocha,99,UY,1557011486,95,-34.48,-54.34,64.43,10.58
grand-lahou,98,CI,1557011486,96,5.24,-5.0,75.57,1.81
chivay,89,PE,1557011487,67,-15.64,-71.6,40.72,5.03
mogadishu,61,SO,1557011487,84,2.04,45.34,80.81,7.94
rincon,20,US,1557011469,100,32.3,-81.24,87.8,8.05
jiuquan,100,CN,1557011487,63,39.73,98.49,55.23,23.71
cochrane,1,CL,1557011488,89,-47.25,-72.57,35.73,4.76
egvekinot,99,RU,1557011488,98,66.32,-179.17,27.81,1.23
ulaangom,83,MN,1557011298,32,49.98,92.07,46.71,1.99
severo-kurilsk,23,RU,1557011488,92,50.68,156.12,34.51,10.58
ajdabiya,100,LY,1557011488,43,30.75,20.22,76.99,16.13
dawson creek,20,CA,1557007200,64,55.76,-120.23,33.8,6.93
tecpatan,75,MX,1557009660,61,17.13,-93.3,82.4,18.34
kaduna,55,NG,1557011489,54,10.52,7.44,81.69,3.31
chokurdakh,18,RU,1557011489,94,70.62,147.9,18.04,4.03
qingquan,20,TW,1557011435,69,24.58,121.1,75.2,11.41
hassleholm,1,SE,1557011403,80,56.16,13.77,37.0,8.05
koumac,84,NC,1557011490,63,-20.56,164.28,79.29,11.77
lata,0,IN,1557011490,35,30.78,78.62,21.3,11.86
pisco,0,PE,1557010904,30,-13.71,-76.2,71.6,11.41
xinqing,100,CN,1557011491,67,48.28,129.53,39.98,12.01
saint-pierre,20,FR,1557011225,86,48.95,4.24,37.99,11.41
maglajani,75,BA,1557009000,100,44.95,17.35,53.6,2.24
petropavlovsk-kamchatskiy,4,RU,1557009000,48,53.05,158.65,44.6,3.69
avera,75,US,1557011471,51,33.19,-82.53,87.8,6.93
rawson,39,AR,1557011492,74,-43.3,-65.11,51.65,18.66
parkes,0,AU,1557010540,70,-33.14,148.18,59.0,8.03
dickson,40,US,1557011490,93,36.08,-87.39,69.01,3.36
ariquemes,100,BR,1557011493,97,-9.91,-63.03,76.09,2.01
champerico,75,MX,1557009660,61,16.38,-93.6,82.4,18.34
tongchuan,99,CN,1557007200,77,34.9,108.95,66.2,8.95
devils lake,1,US,1557009300,25,48.11,-98.87,51.8,14.99
ust-kuyga,0,RU,1557011494,81,70.0,135.55,30.19,8.5
boo,92,NG,1557011494,84,7.44,8.9,78.66,6.46
chapais,75,CA,1557007200,41,49.78,-74.86,42.8,5.82
college,75,US,1557011430,33,64.86,-147.8,46.99,3.36
pischia,100,RO,1557011306,100,45.9,21.34,57.2,5.82
ust-omchug,88,RU,1557011495,76,61.13,149.63,35.0,3.04
thompson,90,CA,1557007200,69,55.74,-97.86,33.8,18.34
lisakovsk,17,KZ,1557011495,51,52.55,62.49,52.71,9.64
yilan,40,TW,1557011493,73,24.75,121.75,75.2,9.17
roanoke rapids,1,US,1557011376,74,36.46,-77.65,82.99,4.7
mayskiy,75,RU,1557007200,93,43.63,44.06,50.0,2.75
okhotsk,58,RU,1557011310,51,59.36,143.24,43.1,4.47
ornskoldsvik,35,SE,1557008400,92,63.29,18.72,28.4,4.7
leningradskiy,99,RU,1557011496,88,69.38,178.42,21.87,14.09
nyurba,100,RU,1557011496,87,63.29,118.35,38.87,9.82
kisesa,100,TZ,1557011497,81,-2.55,33.05,68.96,8.08
sabang,43,PH,1557011497,75,13.72,123.58,83.11,5.61
ndjole,100,GA,1557011497,98,-0.18,10.76,75.21,3.31
loikaw,71,MM,1557011497,91,19.67,97.21,68.35,3.71
port keats,14,AU,1557011498,45,-14.25,129.55,82.28,18.7
luderitz,0,NA,1557007200,81,-26.65,15.16,53.6,8.3
cam ranh,20,VN,1557009000,78,11.92,109.15,80.6,3.36
mundi,0,IN,1557011498,19,32.37,76.01,58.61,10.33
manta,91,RO,1557011499,86,45.1,24.1,52.35,8.77
monrovia,75,LR,1557007200,94,6.33,-10.8,75.2,5.79
flinders,1,AU,1557011405,70,-34.58,150.85,62.01,5.01
atar,0,MR,1557011499,13,20.52,-13.05,82.39,8.77
pucallpa,20,PE,1557007200,331,-8.38,-74.54,35.6,6.93
ahipara,48,NZ,1557011484,100,-35.17,173.16,72.0,10.47
la ronge,75,CA,1557007200,59,55.1,-105.3,37.4,14.99
vila velha,0,BR,1557011293,74,-3.71,-38.6,82.99,10.29
katherine,23,AU,1557009000,53,-14.47,132.26,75.2,10.29
morant bay,20,JM,1557007200,54,17.88,-76.41,84.2,23.04
nizhniy kuranakh,54,RU,1557011501,77,58.84,125.49,34.22,6.35
los algarrobos,75,EC,1557007200,88,-3.25,-79.94,89.6,4.7
havoysund,99,NO,1557008400,92,71.0,24.66,30.2,11.41
salmas,20,IR,1557007200,70,38.2,44.77,46.4,6.93
tayoltita,0,MX,1557011501,17,24.11,-105.93,80.07,6.67
dunedin,97,NZ,1557011317,72,-45.87,170.5,60.01,5.01
penzance,0,GB,1557011417,75,50.12,-5.53,46.99,10.29
grindavik,20,IS,1557011077,65,63.84,-22.43,42.8,3.36
kadoma,0,ZW,1557011502,50,-18.34,29.91,62.64,4.0
muros,0,ES,1557011457,76,42.77,-9.06,59.0,4.7
bara,53,NG,1557011503,44,10.41,10.6,89.77,8.3
bakersfield,1,US,1557011333,17,35.37,-119.02,90.0,16.11
san jose,82,PH,1557011221,58,15.79,120.99,85.94,5.59
daru,100,SL,1557011504,86,7.99,-10.85,77.76,2.42
tagusao,29,PH,1557011504,68,9.19,117.81,84.17,3.13
chenzhou,95,CN,1557011505,87,25.81,113.03,70.53,1.3
biak,100,ID,1557011505,88,-0.91,122.88,70.96,0.83
pevek,91,RU,1557011505,82,69.7,170.27,31.32,9.26
kavaratti,39,IN,1557011505,66,10.57,72.64,84.69,10.18
lamar,20,US,1557010831,20,38.09,-102.62,78.01,11.41
pangody,100,RU,1557011506,99,65.85,74.49,37.43,16.69
broome,7,GB,1557011498,93,52.47,1.45,43.0,9.17
ambulu,32,ID,1557011506,83,-8.35,113.61,78.52,4.43
ilorin,99,NG,1557011506,68,8.5,4.55,82.91,9.37
sapouy,99,BF,1557011507,59,11.55,-1.77,83.96,4.47
muli,16,IN,1557011507,63,22.62,71.45,80.64,15.21
westport,0,IE,1557011300,77,53.8,-9.52,44.01,8.99
komsomolskiy,46,RU,1557011507,88,67.55,63.78,29.76,17.94
perth,0,GB,1557011443,84,56.4,-3.43,44.01,3.36
san patricio,100,PY,1557011508,88,-26.98,-56.83,75.55,8.97
coahuayana,67,MX,1557011508,10,18.62,-100.35,101.52,4.59
tamale,99,GH,1557011508,56,9.4,-0.84,88.04,3.02
zalantun,93,CN,1557011448,24,48.0,122.72,43.26,15.59
pakokku,71,MM,1557011508,62,21.33,95.09,83.83,11.36
poum,90,MK,1557009000,87,41.28,20.71,50.0,3.36
kita,75,JP,1557011266,67,35.76,139.74,73.0,3.36
nileshwar,20,IN,1557007200,100,12.25,75.1,78.8,3.36
boundiali,100,CI,1557011509,92,9.53,-6.48,74.78,6.17
hastings,0,NZ,1557011510,51,-39.64,176.84,65.83,4.7
nhulunbuy,40,AU,1557009000,70,-12.18,136.78,84.2,14.99
kimbe,93,PG,1557011510,63,-5.56,150.15,86.04,3.74
puerto quijarro,0,BO,1557007200,78,-19.0,-57.72,82.4,6.93
kupang,30,ID,1557011418,70,-10.16,123.6,83.04,10.29
mitsamiouli,28,KM,1557011511,72,-11.38,43.28,83.13,7.45
yerkoy,94,TR,1557011511,41,39.64,34.47,56.27,5.93
otradnoye,40,RU,1557011438,80,59.77,30.8,41.0,8.95
acapulco,20,MX,1557006480,74,16.86,-99.88,84.2,12.75
havelock,1,US,1557011401,61,34.88,-76.9,82.4,11.41
kutum,30,SD,1557011512,11,14.2,24.66,79.35,7.72
slonim,100,BY,1557011512,78,53.09,25.32,44.77,6.04
el limon,45,VE,1557011512,85,10.3,-67.63,79.19,11.16
san vicente,20,SV,1557010200,62,13.64,-88.78,89.6,11.41
necochea,100,AR,1557010912,77,-38.55,-58.74,61.0,3.0
arman,85,RU,1557011513,51,59.7,150.17,44.32,4.83
bonavista,95,CA,1557010868,87,48.65,-53.11,37.99,1.01
raiganj,6,IN,1557011514,81,25.63,88.13,75.95,3.76
olinda,75,EC,1557010914,62,-2.03,-79.75,89.01,6.93
ambon,0,FR,1557011352,63,47.55,-2.56,46.99,6.93
dengzhou,100,CN,1557011514,51,32.69,112.08,71.61,5.37
the valley,40,AI,1557010854,69,18.22,-63.06,80.6,17.22
yar-sale,99,RU,1557011287,92,66.83,70.83,36.11,19.44
airai,43,TL,1557011515,62,-8.93,125.41,80.36,3.76
san carlos de bariloche,75,AR,1557007200,93,-41.13,-71.31,44.6,9.17
kyren,0,RU,1557011515,64,51.68,102.13,26.57,4.34
svecha,32,RU,1557011515,49,58.28,47.52,43.76,3.6
geraldton,90,CA,1557007200,57,49.72,-86.95,50.0,9.17
mahibadhoo,13,MV,1557011516,74,3.78,72.97,84.39,7.7
ottawa,75,CA,1557011136,44,45.42,-75.69,62.01,5.82
bambanglipuro,2,ID,1557011516,80,-7.95,110.28,80.34,5.93
ligayan,29,PH,1557011516,71,4.65,119.47,84.51,5.28
tinos,20,GR,1557011404,77,37.54,25.16,64.4,13.87
encinitas,1,US,1557011511,52,33.04,-117.29,75.2,9.17
zaysan,100,KZ,1557011517,55,47.47,84.87,44.73,8.3
rovigo,20,IT,1557011478,93,45.07,11.79,55.99,5.82
padang,40,ID,1557007200,94,-0.92,100.36,77.0,2.24
mehamn,100,NO,1557011518,88,71.03,27.85,29.0,16.24
misratah,0,LY,1557011518,80,32.38,15.09,63.49,19.04
monsummano terme,75,IT,1557011500,82,43.87,10.81,57.0,3.36
acajutla,100,SV,1557011518,67,13.59,-89.83,86.64,5.01
broken hill,0,AU,1557007200,87,-31.97,141.45,44.6,11.68
bandrele,0,YT,1557009000,88,-12.91,45.19,80.6,6.93
lavrentiya,99,RU,1557011519,98,65.58,-170.99,27.81,4.05
kuytun,7,RU,1557011519,51,54.34,101.51,41.24,4.12
vila,75,IT,1557011464,76,45.18,8.4,53.6,9.17
venice,40,US,1557011418,79,27.1,-82.45,86.0,9.17
tura,64,IN,1557011520,91,25.52,90.21,71.68,4.25
naze,20,NG,1557007200,88,5.43,7.07,80.6,2.24
kinablangan,26,PH,1557011520,67,7.69,126.55,83.06,2.1
shakhtinsk,0,KZ,1557009000,86,49.71,72.59,28.4,6.71
tautira,75,PF,1557010994,62,-17.73,-149.15,84.2,11.41
hobyo,41,SO,1557011521,79,5.35,48.53,82.89,14.43
soyo,95,AO,1557011426,88,-6.13,12.37,80.99,9.53
davila,75,PH,1557007200,88,18.47,120.58,78.8,2.24
follonica,0,IT,1557011515,87,42.93,10.76,59.0,2.24
cascais,0,PT,1557011489,55,38.7,-9.42,64.99,3.36
sal rei,40,CV,1557007200,64,16.18,-22.92,71.6,13.87
bobcaygeon,90,CA,1557011405,62,44.54,-78.55,59.0,4.7
itaituba,53,BR,1557011522,81,-4.26,-55.99,78.5,2.01
chimore,82,BO,1557011523,82,-16.98,-65.13,73.77,3.0
constitucion,40,MX,1557011415,7,23.99,-104.67,82.4,8.05
show low,1,US,1557011147,12,34.25,-110.03,81.0,13.87
kortkeros,0,RU,1557009000,59,61.81,51.56,33.8,6.71
bandarbeyla,10,SO,1557011523,81,9.49,50.81,79.26,7.18
mokhsogollokh,100,RU,1557011523,51,61.4,128.95,40.67,4.45
belmonte,0,PT,1557010889,88,40.36,-7.35,50.0,0.96
posse,52,BR,1557011524,86,-14.08,-46.36,72.99,7.34
hervey bay,0,AU,1557011108,72,-25.3,152.85,70.0,13.87
banjar,37,ID,1557011524,94,-7.37,108.54,73.71,2.71
bridlicna,90,CZ,1557011519,93,49.91,17.37,41.0,10.29
vyazma,52,RU,1557011525,70,55.21,34.3,44.21,6.06
maldonado,90,UY,1557008520,88,-34.91,-54.96,62.6,11.41
talaya,0,RU,1557009000,56,55.79,84.89,41.0,6.71
mahanoro,5,MG,1557011525,99,-19.9,48.8,66.69,2.21
crestline,90,US,1557011523,100,40.79,-82.74,55.0,5.82
cockburn town,100,TC,1557011346,81,21.46,-71.14,78.74,21.56
karema,37,TZ,1557011526,67,-6.82,30.44,79.22,10.49
buchanan,75,LR,1557007200,94,5.88,-10.05,75.2,8.84
normal,1,US,1557011323,52,40.51,-88.99,66.99,6.93
xining,85,CN,1557011527,84,36.62,101.77,43.44,5.17
samarkand,0,UZ,1557009000,54,39.65,66.98,57.2,6.93
muzaffarabad,0,PK,1557011527,29,34.37,73.47,50.64,9.35
sim,65,BR,1557011527,93,-12.25,-38.93,73.97,3.98
port moresby,75,PG,1557007200,100,-9.47,147.16,77.0,5.82
cayenne,96,GF,1557009000,88,4.94,-52.33,78.8,6.87
surgut,0,RU,1557009000,57,61.25,73.4,50.0,6.71
samarai,51,PG,1557011528,73,-10.62,150.67,81.74,4.83
vanimo,90,PG,1557011528,76,-2.67,141.3,81.09,6.42
appleton,5,US,1557011166,18,44.26,-88.41,73.4,5.61
puebloviejo,90,CO,1557011486,52,10.99,-74.28,91.4,13.87
kieta,90,PG,1557011529,69,-6.22,155.63,85.52,6.82
pulandian,0,CN,1557009000,26,39.4,121.96,69.8,13.42
ust-koksa,0,RU,1557011529,86,50.27,85.62,30.26,3.96
sohag,0,EG,1557007200,15,26.55,31.7,78.8,11.41
saint george,40,GR,1557006600,87,39.45,22.34,57.2,2.82
kaifeng,67,CN,1557007200,77,34.8,114.35,60.8,2.24
faya,40,SA,1557007200,35,18.39,42.45,69.8,6.93
nanakuli,75,US,1557011261,73,21.39,-158.15,73.99,13.87
belyy yar,42,RU,1557009000,73,53.6,91.39,26.6,1.3
wenling,1,CN,1557011428,81,28.38,121.38,77.0,1.5
carahue,20,CL,1557007200,77,-38.71,-73.16,59.0,2.24
magistralnyy,80,RU,1557011531,55,56.17,107.45,39.86,5.79
hualahuises,22,MX,1557011531,70,24.88,-99.67,72.0,6.91
izyum,87,UA,1557011531,78,49.21,37.25,51.25,7.14
teguise,75,ES,1557009000,59,29.06,-13.56,66.2,11.41
abalak,6,NE,1557011532,10,15.46,6.28,91.46,7.02
sinnamary,82,GF,1557011532,83,5.38,-52.96,80.64,15.77
komatipoort,9,MZ,1557010872,83,-25.43,31.96,71.01,1.05
severnyy-kospashskiy,9,RU,1557010994,97,59.09,57.8,45.0,1.01
el zulia,40,CO,1557007200,66,7.93,-72.6,86.0,9.17
whitehaven,40,US,1557011426,93,35.03,-90.03,64.99,9.17
ixtapa,75,MX,1557011419,45,20.71,-105.21,82.4,13.87
araouane,24,ML,1557011533,15,18.9,-3.53,88.33,12.39
bay roberts,90,CA,1557011315,75,47.58,-53.28,42.01,9.17
pacasmayo,84,PE,1557011534,94,-7.4,-79.57,67.05,15.23
amberley,100,NZ,1557011480,76,-43.15,172.73,64.0,6.93
vao,6,EE,1557011534,92,59.1,26.19,32.66,9.17
mecca,0,SA,1557011268,40,21.43,39.83,87.21,3.71
benghazi,16,LY,1557011519,42,32.12,20.07,76.99,13.69
zyryanka,72,RU,1557011535,86,65.73,150.89,34.29,6.46
kuusamo,0,FI,1557008400,74,65.96,29.19,28.4,3.36
kathu,0,ZA,1557010810,43,-27.7,23.05,66.0,9.57
griffith,0,AU,1557011477,93,-34.29,146.06,50.0,6.93
paso de los toros,95,UY,1557011536,96,-32.81,-56.52,68.51,13.33
pimentel,40,BR,1557011536,87,-3.7,-45.5,76.2,1.23
bolotnoye,40,RU,1557011536,71,55.67,84.39,47.76,5.97
severo-yeniseyskiy,100,RU,1557011536,92,60.37,93.04,38.43,7.07
kalmunai,100,LK,1557011536,88,7.42,81.82,75.8,2.66
quatre cocos,40,MU,1557011039,83,-20.21,57.76,77.0,10.29
homa bay,100,KE,1557011537,69,-0.53,34.45,74.7,9.06
maningrida,40,AU,1557011537,69,-12.05,134.23,82.8,15.28
cervo,100,BR,1557011537,89,-22.19,-46.24,65.94,5.82
celestun,1,MX,1557011538,83,20.87,-90.4,82.66,16.51
ashland,90,US,1557011412,100,38.48,-82.64,68.0,9.17
great yarmouth,47,GB,1557011532,82,52.61,1.73,43.0,8.01
lodja,44,CD,1557011538,83,-3.52,23.6,72.4,1.59
iquique,0,CL,1557007200,68,-20.22,-70.14,68.0,13.87
panguna,100,PG,1557011539,80,-6.32,155.48,82.61,11.23
daye,100,CN,1557011539,57,30.1,114.98,72.08,4.92
margate,75,AU,1557011414,87,-43.03,147.26,51.8,8.05
deputatskiy,86,RU,1557011539,95,69.3,139.9,23.33,5.19
xaxim,100,BR,1557011539,81,-26.96,-52.53,73.91,4.88
